,,DSA Sheet by AlgoForge ,Contact us here: algoforge.graphy.com,
,,,https://t.me/samratIsLive,
,,,,
,,Always remember why you started. All the very best,,
,,,Make a copy of this sheet,
,,Introduction to any Coding language,,
,FALSE,Data types (Primitive and non-primitve),https://www.w3schools.com/java/java_data_types.asp,
,FALSE,How to take input output,https://www.w3schools.com/java/java_user_input.asp,
,FALSE,Find average of 3 numbers,https://beginnersbook.com/2020/01/java-program-to-find-average-of-3-numbers/,
,,,,
,,Conditionals,,
,FALSE,"Conditionals, if-else statement",Java Conditions and If Statements,
,FALSE,Check postive or negative number,Java: Get a number from the user and print whether it is positive or negative number,
,FALSE,Day of week,https://www.w3resource.com/java-exercises/conditional-statement/java-conditional-statement-exercise-5.php,
,FALSE,Find if year is leap or not,Java Program to Find if a Given Year is a Leap Year - GeeksforGeeks,
,,,,
,FALSE,Operators,https://www.w3schools.com/java/java_operators.asp,
,,,,
,,Loops,,
,FALSE,"While loop, for loop, do while loop",https://www.geeksforgeeks.org/java/loops-in-java/,
,FALSE,Check if a stream of number is even or odd,https://www.geeksforgeeks.org/problems/odd-or-even3618/1,
,FALSE,Find factorial of a number,https://www.geeksforgeeks.org/problems/factorial5739/1,
,FALSE,Check if a number is prime or not in N iterations,https://www.geeksforgeeks.org/java/java-prime-number-program/,
,FALSE,Check if a number is prime or not in root(N) iterations,https://www.geeksforgeeks.org/java/java-prime-number-program/,
,FALSE,Print all prime numbers less than N,https://www.geeksforgeeks.org/dsa/print-all-prime-numbers-less-than-or-equal-to-n/,
,,,,
,,Number System,,
,FALSE,Print fibonacci series,https://www.geeksforgeeks.org/java/java-fibonacci-series/,
,FALSE,Count digits in a number,https://www.geeksforgeeks.org/problems/count-digits-1606889545/1,
,FALSE,Find sum of digits of a number,https://www.geeksforgeeks.org/problems/sum-of-digits1742/1,
,FALSE,Reverse a number,https://www.geeksforgeeks.org/java/java-reverse-number-program/,
,FALSE,Rotate a number by k,https://www.geeksforgeeks.org/dsa/rotate-digits-of-a-given-number-by-k/,
,FALSE,Find GCD of two numbers,https://www.geeksforgeeks.org/problems/gcd-of-two-numbers3459/1,
,FALSE,Find LCM of two numbers,https://www.geeksforgeeks.org/problems/lcm-of-two-numbers/1,
,,,,
,,Patterns,,
,FALSE,Print right angle triangle,https://www.geeksforgeeks.org/java/java-program-to-print-right-triangle-star-pattern/,
,FALSE,Downward triangle star pattern,https://www.geeksforgeeks.org/java/java-program-to-print-downward-triangle-star-pattern/,
,FALSE,Left right angle triangle pattern,https://www.geeksforgeeks.org/java/java-program-to-print-left-triangle-star-pattern/,
,FALSE,Diamond star pattern,https://www.geeksforgeeks.org/java/java-program-to-print-diamond-shape-star-pattern/,
,FALSE,Print star diagonals pattern,https://www.geeksforgeeks.org/dsa/program-print-diagonal-star-patterns/,
,FALSE,Hollow diamond pattern,"https://www.geeksforgeeks.org/dsa/program-print-hollow-pyramid-diamond-pattern/#:~:text=2-,.%20Hollow%20Diamond,-Note%3A%20For",
,FALSE,Number changing pyramid pattern,"https://www.geeksforgeeks.org/java/java-pattern-programs/#5-numberchanging-pyramid-pattern:~:text=1%202%20%0A1-,5.,-Number%2DChanging%20Pyramid",
,FALSE,Fibonacci pyramid pattern,https://www.geeksforgeeks.org/dsa/program-print-fibonacci-triangle/,
,FALSE,Diamond number pattern,https://www.geeksforgeeks.org/dsa/java-program-to-print-numbers-with-diamond-pattern/,
,FALSE,Butterfly half pattern,https://www.geeksforgeeks.org/dsa/program-to-print-butterfly-pattern-star-pattern/,
,FALSE,Hollow hourglass ,"https://www.geeksforgeeks.org/java/java-pattern-programs/#22-hollow-hourglass-pattern:~:text=*%0A%20%20%20%20*%20*%0A%20%20%20*%20%20%20*%0A%20%20*%20%20%20%20%20*%0A%20*%20%20%20%20%20%20%20*%0A*%20%20%20%20%20%20%20%20%20*%0A%20*%20%20%20%20%20%20%20*%0A%20%20*%20%20%20%20%20*%0A%20%20%20*%20%20%20*%0A%20%20%20%20*%20*%0A%20%20%20%20%20*-,22,-.%20Hollow%20Hourglass%20Pattern",
,,,,
,,Functions and Arrays,,
,TRUE,What are functions,https://www.youtube.com/watch?v=HG8tV0zCsBQ,
,TRUE,Frequency of a digit,https://www.geeksforgeeks.org/dsa/find-the-frequency-of-a-digit-in-a-number/,
,TRUE,Convert a decimal base to any base (Use integers as inputs),https://www.geeksforgeeks.org/dsa/convert-base-decimal-vice-versa/,
,TRUE,Convert any base to decimal base (Use integers as inputs),https://www.geeksforgeeks.org/dsa/convert-base-decimal-vice-versa/,
,TRUE,Calculate NcR,https://www.geeksforgeeks.org/problems/ncr1019/1,
,,,,
,,Arrays,"Just the introduction, more questions are of arrays and strings at the end",
,TRUE,Arrays memory allocation in Java,https://medium.com/@f2015939p/array-memory-allocation-in-java-49b292122d18,
,TRUE,Find number of elements greater than x,,
,TRUE,Search in a unsorted array,https://www.geeksforgeeks.org/problems/search-an-element-in-an-array-1587115621/1,
,TRUE,Find the difference between maximum and minimum element of array,https://www.geeksforgeeks.org/problems/find-minimum-and-maximum-element-in-an-array4428/1,
,TRUE,Add two arrays,https://www.geeksforgeeks.org/problems/add-two-numbers-represented-by-two-arrays2408/1,
,FALSE,Subtract two arrays,,
,FALSE,Reverse an array,https://www.geeksforgeeks.org/java/reverse-an-array-in-java/,
,FALSE,Rotate an array,https://leetcode.com/problems/rotate-array/description/,
,FALSE,Print all subarrays,,
,FALSE,Count subarrays having sum K (Use brute force),,
,FALSE,Count subarrays having sum divisible by K (Use brute force),,
,FALSE,Find max sum subarray (Kadane's algorithm),,
,FALSE,Print all subsets of array,,
,,,,
,FALSE,Binary search implementation,https://www.geeksforgeeks.org/dsa/binary-search/,
,FALSE,Find floor value of a given target,https://www.geeksforgeeks.org/problems/floor-in-a-sorted-array-1587115620/1,
,FALSE,Find ceil value of a given target,https://www.geeksforgeeks.org/problems/ceil-in-a-sorted-array/1,
,FALSE,Find first and last position of element,Find First and Last Position of Element in Sorted Array - LeetCode,
,,,,
,,2D Arrays,,
,FALSE,Introduction to 2D arrays,https://www.geeksforgeeks.org/dsa/introduction-to-matrix-or-grid-data-structure-and-algorithms-tutorial/,
,FALSE,Multiply 2 matrices,https://www.geeksforgeeks.org/problems/multiply-2-matrices4144/1,
,FALSE,Wave traversal,,
,FALSE,Exit point of matrix,https://www.geeksforgeeks.org/problems/exit-point-in-a-matrix0905/1,
,FALSE,Spiral matrix,https://leetcode.com/problems/spiral-matrix/description/,
,FALSE,Rotate matrix,https://leetcode.com/problems/rotate-image/description/,
,FALSE,Search a 2d matrix,https://leetcode.com/problems/search-a-2d-matrix/description/,
,FALSE,Search a 2d matrix 2,https://leetcode.com/problems/search-a-2d-matrix-ii/description/,
,FALSE,Diagonal traversal of matrix,,
,,,,
,,Arraylist and Strings,"Just introduction, more questions at end",
,FALSE,Arraylist Introduction,https://www.w3schools.com/java/java_arraylist.asp,
,FALSE,String interning ,https://www.geeksforgeeks.org/java/interning-of-string/,
,FALSE,Compress String by omitting consecutive repeating characters,,
,FALSE,Compress string by concatenationg consecutive character count,,
,FALSE,String compression,https://leetcode.com/problems/string-compression/description/,
,FALSE,Toggle casing of characters,https://www.geeksforgeeks.org/dsa/program-toggle-characters-string/,
,,,,
,,Recursion and Backtracking,,
,FALSE,Understanding call stack ,https://dev.to/theplebdev/java-quickies-the-call-stack-3g4g,
,FALSE,Swap two numbers using function,,
,FALSE,Print decreasing numbers from n to 1,,
,FALSE,Print increasing numbers from 1 to n,,
,FALSE,"Print decreasing from n to 1, then 1 to n in one recursive function",,
,FALSE,Finf factorial of a number,https://www.geeksforgeeks.org/problems/factorial5739/1,
,FALSE,Find power of a number,https://www.geeksforgeeks.org/problems/power-of-numbers-1587115620/1,
,FALSE,Find power logarithmic ,https://www.geeksforgeeks.org/problems/power-of-numbers-1587115620/1,
,FALSE,"Understand pre, in and post area of recursive calls",,
,FALSE,Tower of hanoi,https://www.geeksforgeeks.org/problems/tower-of-hanoi-1587115621/1,
,,,,
,,Recursion on Arrays,,
,FALSE,Print array using recursion,,
,FALSE,Print array in reverse,,
,FALSE,Find max element in array using recursion,,
,FALSE,Find first index of a target element,,
,FALSE,"Find last index of a target element, initial input in function will be idx = 0",,
,FALSE,Return an array consisting of all indices of target element,,
,,,,
,,Recursion on the way Down,,
,FALSE,Return arraylist of all the subsequence of a string,https://www.geeksforgeeks.org/dsa/print-all-subsequences-of-a-string-using-arraylist/,
,FALSE,Get all keypad combinations,https://www.geeksforgeeks.org/problems/possible-words-from-phone-digits-1587115620/1,
,FALSE,"Get all stair paths, 1-2-3 steps allowed at a time",,
,FALSE,Get all maze paths if only right and down step allowed,,
,FALSE,Get all maze paths if only right and down step with jumps allowed,,
,,,,
,,Recursion on the way Up,,
,FALSE,Print all subsequences of a string,https://www.geeksforgeeks.org/dsa/print-subsequences-string/,
,FALSE,Print all keypad combinations,https://www.geeksforgeeks.org/problems/possible-words-from-phone-digits-1587115620/1,
,FALSE,"Print all stair paths, 1-2-3 steps allowed at a time",,
,FALSE,Print all maze paths if only right and down step allowed,,
,FALSE,Print all maze paths if only right and down step with jumps allowed,,
,,,,
,FALSE,Print Encodings of a string,,
,FALSE,Print permutations of a string,,
,FALSE,Get Max path sum in a maze,https://www.geeksforgeeks.org/problems/path-in-matrix3805/1,
,FALSE,Count friends pairing,https://www.geeksforgeeks.org/problems/friends-pairing-problem5425/1,
,FALSE,Josephus Problem,https://www.geeksforgeeks.org/problems/josephus-problem/1,
,,,,
,,Backtracking,,
,FALSE,Flood fill backtracking ,"(Go from 0,0 to n-1,m-1), you can travel on 1, not on you and can move in 4 directions",
,FALSE,Coin change permutation (Generate all the possible answers),https://www.geeksforgeeks.org/problems/number-of-coins1824/1 (this question but one coin can be used one time),
,FALSE,Coin change permutation mutliple use  (Generate all the possible answers),https://www.geeksforgeeks.org/problems/number-of-coins1824/1,
,FALSE,Coin change combination multiple use  (Generate all the possible answers),https://leetcode.com/problems/coin-change-ii/description/ (this question but use one coin one time),
,FALSE,Coin change combination multiple use  (Generate all the possible answers),https://leetcode.com/problems/coin-change-ii/description/,
,FALSE,Target sum subset  (Generate all the possible subsets),https://www.geeksforgeeks.org/problems/subset-sum-problem-1611555638/1,
,FALSE,Partition array into 2 equal subsets,https://leetcode.com/problems/partition-equal-subset-sum/description/,
,FALSE,N- Queens,https://leetcode.com/problems/n-queens/description/,
,FALSE,Check knight tour,https://leetcode.com/problems/check-knight-tour-configuration/description/,
,FALSE,Print all the knight tour possible answers,,
,FALSE,Check if sudoku is valid,https://leetcode.com/problems/valid-sudoku/description/,
,FALSE,Sudoku Solver,https://leetcode.com/problems/sudoku-solver/description/,
,FALSE,N-queens optimised with O(N) space,https://leetcode.com/problems/n-queens/description/,
,FALSE,N-queens optimised with O(1) extra space,https://leetcode.com/problems/n-queens/description/,
,FALSE,Beautiful Arrangement,https://leetcode.com/problems/beautiful-arrangement/description/,
,FALSE,Word search,https://leetcode.com/problems/word-search/description/,
,FALSE,Verbal Arithmetic Puzzle (should have some hasmap knowledge),https://leetcode.com/problems/verbal-arithmetic-puzzle/description/,
,FALSE,Word break 2,https://leetcode.com/problems/word-break-ii/description/,
,FALSE,Word search 2 (skip for now if you don't know TRIE),https://leetcode.com/problems/word-search-ii/description/,
,,,,
,,Object Oriented Programming,,
,FALSE,"Only one link is enough, go through it all, solve problems, read concepts",https://www.tpointtech.com/java-oops-concepts,
,,,,
,,Linked List,,
,FALSE,What is Node for linkedlist,https://www.geeksforgeeks.org/java/implementing-a-linked-list-in-java-using-class/,
,,,,
,,Construction of our own LinkedList,Take help from here to understand more: https://github.com/Samrat-Bhardwaj/ALGOFORGE/blob/main/Batch1/LinkedList/Construction/Main.java,
,FALSE,Add a value at last in LinkedList,,
,FALSE,Add a value at start in LinkedList,,
,FALSE,Print the complete linkedlist ,,
,FALSE,Remove last node from linkedlist,,
,FALSE,Remove first node from linkedlist,,
,FALSE,Get Node at a particular index in LinkedList,,
,FALSE,Add node at particular index in LinkedList,,
,FALSE,Remove node from particular index,,
,FALSE,Reverse Linked list by swapping data ,https://leetcode.com/problems/reverse-linked-list/description/,
,FALSE,Reverse linkedlist by reversing pointers,https://leetcode.com/problems/reverse-linked-list/description/,
,,,,
,,Questions,,
,FALSE,Get Kth node from end of LL,https://www.geeksforgeeks.org/problems/nth-node-from-end-of-linked-list/0,
,FALSE,Find middle of linkedlist using hare tortoise algo,https://leetcode.com/problems/middle-of-the-linked-list/description/,
,FALSE,Pallindrome Linkedlist,https://leetcode.com/problems/palindrome-linked-list/description/,
,FALSE,Reorder list,https://leetcode.com/problems/reorder-list/description/,
,FALSE,Undo re-ordering of list (Undo above question),,
,FALSE,Odd even linkedlist,https://leetcode.com/problems/odd-even-linked-list/description/,
,FALSE,Seggregate even odd lists,https://www.geeksforgeeks.org/problems/segregate-even-and-odd-nodes-in-a-linked-list5035/1,
,FALSE,Reverse nodes in k group,https://leetcode.com/problems/reverse-nodes-in-k-group/description/,
,FALSE,Copy List with random pointer,https://leetcode.com/problems/copy-list-with-random-pointer/description/,
,FALSE,Add two LL,https://leetcode.com/problems/add-two-numbers/description/,
,FALSE,"Remove duplicates from sorted LL, keeping first duplicate",https://leetcode.com/problems/remove-duplicates-from-sorted-list/description/,
,FALSE,Remove all duplicates from LL,https://leetcode.com/problems/remove-duplicates-from-sorted-list-ii/description/,
,,,,
,FALSE,Linkedlist cycle,https://leetcode.com/problems/linked-list-cycle/description/,
,FALSE,Starting point of cycle in linkedList,https://www.geeksforgeeks.org/problems/find-the-first-node-of-loop-in-linked-list--170645/1,
,FALSE,Merge two sorted lists,https://leetcode.com/problems/merge-two-sorted-lists/description/,
,FALSE,Intersection of two LL,https://leetcode.com/problems/intersection-of-two-linked-lists/description/,
,,,,
,FALSE,Design browser history,https://leetcode.com/problems/design-browser-history/description/,
,FALSE,Reverse nodes in even length group,https://leetcode.com/problems/reverse-nodes-in-even-length-groups/description/,
,FALSE,Rotate lists,https://leetcode.com/problems/rotate-list/description/,
,FALSE,Merge in between linkedlist,https://leetcode.com/problems/merge-in-between-linked-lists/,
,FALSE,Introduction of circular LL is enough after all these problems,https://www.geeksforgeeks.org/dsa/circular-linked-list/,
,,,,
,,Stack,,
,FALSE,Duplicate parentheses,https://www.geeksforgeeks.org/find-expression-duplicate-parenthesis-not/,
,FALSE,Valid parentheses,https://leetcode.com/problems/valid-parentheses/,
,FALSE,Next greater element on right method 1 ,https://www.geeksforgeeks.org/problems/next-larger-element-1587115620/1,
,FALSE,Next greater on right from Left to right,https://www.geeksforgeeks.org/problems/next-larger-element-1587115620/1,
,FALSE,Next Smaller on left,https://www.geeksforgeeks.org/problems/smallest-number-on-left3403/1,
,FALSE,"Next smaller on left, iterate from right",https://www.geeksforgeeks.org/problems/smallest-number-on-left3403/1,
,FALSE,"Next smaller on right, iterate from left",https://www.geeksforgeeks.org/next-smaller-element/,
,FALSE,"Next smaller on right, iterate from right",https://www.geeksforgeeks.org/next-smaller-element/,
,FALSE,Stock Span,https://www.geeksforgeeks.org/problems/stock-span-problem-1587115621/1,
,FALSE,Stock span in class,https://leetcode.com/problems/online-stock-span/description/,
,FALSE,Largest area histogram,https://leetcode.com/problems/largest-rectangle-in-histogram/description/,
,FALSE,Largest area histogram opitimized,https://leetcode.com/problems/largest-rectangle-in-histogram/description/,
,FALSE,Maximal rectangle,https://leetcode.com/problems/maximal-rectangle/description/,
,FALSE,Sliding Window Maximum using stack,https://leetcode.com/problems/sliding-window-maximum/,
,FALSE,Inifix Evaluation,https://www.geeksforgeeks.org/problems/fun-with-expresions2523/1,
,FALSE,Basic calculator 2,https://leetcode.com/problems/basic-calculator-ii/submissions/1629833449/,
,FALSE,Infix to prefix conversion ,https://www.geeksforgeeks.org/convert-infix-prefix-notation/,
,FALSE,Infix to postfix conversion,https://www.geeksforgeeks.org/problems/infix-to-postfix-1587115620/1,
,FALSE,Prefix evaluation and conversion,https://www.geeksforgeeks.org/evaluation-prefix-expressions/,
,FALSE,Postfix evaluation and conversion,"https://www.geeksforgeeks.org/evaluation-of-postfix-expression/?ref=rp, https://leetcode.com/problems/evaluate-reverse-polish-notation/description",
,FALSE,Merge Intervals,https://leetcode.com/problems/merge-intervals/description/,
,FALSE,Merge Intervals without stack,https://leetcode.com/problems/merge-intervals/description/,
,FALSE,Build static stack,https://www.geeksforgeeks.org/problems/implement-stack-using-array/1,
,FALSE,Build dynamic stack,,
,FALSE,Build Static Queue,,
,FALSE,Build Dynamic Queue,,
,FALSE,Build stack using Queue push efficient,https://leetcode.com/problems/implement-stack-using-queues/,
,FALSE,Build stack using Queue pop efficient,https://leetcode.com/problems/implement-stack-using-queues/,
,FALSE,Build Queue using Stack add efficient,https://leetcode.com/problems/implement-queue-using-stacks/description/,
,FALSE,Build Queue using Stack remove efficient,https://leetcode.com/problems/implement-queue-using-stacks/description/,
,FALSE,Two stack in array,https://www.geeksforgeeks.org/problems/implement-two-stacks-in-an-array/1,
,FALSE,Min Stack,https://leetcode.com/problems/min-stack/,
,FALSE,Min Stack constant space,https://leetcode.com/problems/min-stack/,
,FALSE,Next greater right in circular array,https://leetcode.com/problems/next-greater-element-ii/,
,FALSE,"Next greater right in circular array, move from right to left",https://leetcode.com/problems/next-greater-element-ii/,
,FALSE,Validate stack sequences,https://leetcode.com/problems/validate-stack-sequences/description/,
,FALSE,Validate stack sequences in O(1) Space,https://leetcode.com/problems/validate-stack-sequences/description/,
,FALSE,Minimum add to make parentheses valid,https://leetcode.com/problems/minimum-add-to-make-parentheses-valid/description/,
,FALSE,Remove outermost parentheses,https://leetcode.com/problems/remove-outermost-parentheses/description/,
,FALSE,Minimum insertions to make parentheses valid 2,https://leetcode.com/problems/minimum-insertions-to-balance-a-parentheses-string,
,FALSE,Valid Parentheses with * ,https://leetcode.com/problems/valid-parenthesis-string/description/,
,FALSE,Make Parentheses valid with locked array,https://leetcode.com/problems/check-if-a-parentheses-string-can-be-valid/description/,
,FALSE,Parentheses Score,https://leetcode.com/problems/score-of-parentheses/,
,FALSE,132 Pattern,https://leetcode.com/problems/132-pattern/,
,FALSE,Asteroid Collision,https://leetcode.com/problems/asteroid-collision/description/,
,FALSE,Remove K digits to make smallest number,https://leetcode.com/problems/remove-k-digits/description/,
,FALSE,Simplify Path,https://leetcode.com/problems/simplify-path/description/?envType=problem-list-v2&envId=stack,
,FALSE,Trapping rain water using stack,https://leetcode.com/problems/trapping-rain-water/description/,
,FALSE,Trapping rain water using array,https://leetcode.com/problems/trapping-rain-water/description/,
,FALSE,Trapping rain water O(1) Space,https://leetcode.com/problems/trapping-rain-water/description/,
,FALSE,Container with most water using stack ,https://leetcode.com/problems/container-with-most-water/description/,
,FALSE,Container with most water in O(1) space,https://leetcode.com/problems/container-with-most-water/description/,
,FALSE,Lexiographically smallest subset,https://leetcode.com/problems/find-the-most-competitive-subsequence/description/,
,FALSE,Number of Valid Subarrays,https://leetcode.ca/all/1063.html,
,FALSE,Basic Calculator 1,Leetcode question,
,FALSE,Basic Calculator 3,Leetcode question,
,FALSE,Basic Calculator 4,Leetcode question,
,FALSE,Check if word is valid after substitutions,https://leetcode.com/problems/check-if-word-is-valid-after-substitutions/description/,
,FALSE,Max Stack,https://www.lintcode.com/problem/859/,
,,,,
,,Queue,Link ,
,FALSE,Number of recent calls,https://leetcode.com/problems/number-of-recent-calls/description/,
,FALSE,Moving Average from Data Stream,https://www.lintcode.com/problem/642/,
,FALSE,Hit counter ,https://www.lintcode.com/problem/3662/,
,FALSE,Sliding Window Maximum using deque,https://leetcode.com/problems/sliding-window-maximum/,
,FALSE,Shortest subarray with sum at least k,https://leetcode.com/problems/shortest-subarray-with-sum-at-least-k/,
,FALSE,Design circular queue,https://leetcode.com/problems/design-circular-queue/description/,
,FALSE,Design circular deQueue,https://leetcode.com/problems/design-circular-deque/,
,,,,
,,HashMap,Link ,
,FALSE,Maximum frequency character,https://www.geeksforgeeks.org/problems/maximum-occuring-character-1587115620/1,
,FALSE,Count elements with maximum frequency,https://leetcode.com/problems/count-elements-with-maximum-frequency/description/,
,FALSE,Intersection of two arrays using map,https://leetcode.com/problems/intersection-of-two-arrays/,
,FALSE,Intersection of two arrays using set,https://leetcode.com/problems/intersection-of-two-arrays/,
,FALSE,All common elements of two arrays,https://www.geeksforgeeks.org/problems/common-elements5420/1,
,FALSE,Common elements ,https://leetcode.com/problems/find-common-elements-between-two-arrays/,
,FALSE,Check If Array Pairs Are Divisible by k,https://leetcode.com/problems/check-if-array-pairs-are-divisible-by-k/description/,
,FALSE,Count distinct elements in every window,https://www.geeksforgeeks.org/problems/count-distinct-elements-in-every-window/1,
,FALSE,Largest subarray with zero sum,https://www.geeksforgeeks.org/problems/largest-subarray-with-0-sum/1,
,FALSE,Count of subarray with zero sum,https://www.geeksforgeeks.org/problems/zero-sum-subarrays1825/1,
,FALSE,Longest subarray with sum K,https://www.geeksforgeeks.org/problems/longest-sub-array-with-sum-k0809/1,
,FALSE,Count of subarray with sum K,https://leetcode.com/problems/subarray-sum-equals-k/,
,FALSE,Count of subarrays with Sum divisible by K,https://leetcode.com/problems/subarray-sums-divisible-by-k/,
,FALSE,Longest subarray with equal number of 0s and 1s,https://leetcode.com/problems/contiguous-array/description/,
,FALSE,Count of subarray with equal number of 0s and 1s,https://www.geeksforgeeks.org/problems/count-subarrays-with-equal-number-of-1s-and-0s-1587115620/1,
,FALSE,LRU cache,https://leetcode.com/problems/lru-cache/description/,
,FALSE,LFU cache,https://leetcode.com/problems/lfu-cache/description/,
,FALSE,Maximum Frequency stack,https://leetcode.com/problems/maximum-frequency-stack/description/,
,FALSE,Insert delete getRandom in O(1),https://leetcode.com/problems/insert-delete-getrandom-o1/description/,
,,,,
,,MORE QUESTION ON HASHMAP HEAP WILL BE DONE DURING ARRAYS AND STRINGS,,
,,,,
,,,,
,,Heap/PriorityQueue,Link ,
,FALSE,Kth Largest element,https://leetcode.com/problems/kth-largest-element-in-an-array/,
,FALSE,Kth Smallest element,https://www.geeksforgeeks.org/problems/kth-smallest-element5635/1,
,FALSE,Sort nearly sorted (K-sorted) array,https://www.geeksforgeeks.org/problems/nearly-sorted-1587115620/1,
,FALSE,Median of data stream,https://leetcode.com/problems/find-median-from-data-stream/description/,
,FALSE,Merge k sorted linked-lists,https://leetcode.com/problems/merge-k-sorted-lists/,
,FALSE,Merege k sorted arrays,https://www.geeksforgeeks.org/problems/merge-k-sorted-arrays/1,
,,,,
,,TREES,Link ,
,,Generic Trees,,
,FALSE,Construction of generic tree,,
,FALSE,Display of generic tree,,
,FALSE,Size of Tree,,
,FALSE,Maximum of Tree,,
,FALSE,Height of Tree,,
,FALSE,Euler traversal of tree,,
,FALSE,Level order traversal (3 methods),,
,FALSE,Zig zag traversal ,,
,FALSE,Mirror a generic Tree,https://www.geeksforgeeks.org/dsa/mirror-of-n-ary-tree/,
,FALSE,Remove leaf nodes,https://www.geeksforgeeks.org/remove-all-leaf-nodes-from-a-generic-tree-or-n-ary-tree/,
,FALSE,"Linearise a GT, O(N2)",Similar for linkedList: https://leetcode.com/problems/flatten-a-multilevel-doubly-linked-list/description/,
,FALSE,"Linearise a GT, O(N)",,
,FALSE,Find in Generic Tree,,
,FALSE,Node to root Path,,
,FALSE,Lowest common Ancestor (LCA) in generic tree,,
,FALSE,Is Tree Mirror ,,
,FALSE,Is Tree Symmetric ,https://www.geeksforgeeks.org/dsa/check-if-given-generic-n-ary-tree-is-symmetric-horizontally/,
,,,,
,,Binary Trees,,
,FALSE,Construct a binary Tree,,
,FALSE,Display a binary Tree,,
,FALSE,"Size, sum, max, height of tree",,
,FALSE,Depth of tree,https://leetcode.com/problems/maximum-depth-of-binary-tree/,
,FALSE,Sum of BT,https://www.geeksforgeeks.org/problems/sum-of-binary-tree/1,
,FALSE,Size of Binary Tree,https://www.geeksforgeeks.org/problems/size-of-binary-tree/1,
,FALSE,Preorder Traversal of BT using recursion,https://leetcode.com/problems/binary-tree-preorder-traversal/description/,
,FALSE,Postorder Traversal using recursion,https://leetcode.com/problems/binary-tree-postorder-traversal/description/,
,FALSE,Inorder Traversal using recursion,https://leetcode.com/problems/binary-tree-inorder-traversal/description/,
,FALSE,Preorder Traversal of BT using stack,https://leetcode.com/problems/binary-tree-preorder-traversal/description/,
,FALSE,Postorder Traversal using stack,https://leetcode.com/problems/binary-tree-postorder-traversal/description/,
,FALSE,Inorder Traversal using stack,https://leetcode.com/problems/binary-tree-inorder-traversal/description/,
,FALSE,Node to root path in Binary Tree,,
,FALSE,Get K levels down in Binary Tree,,
,FALSE,Get Nodes at K distance,https://leetcode.com/problems/all-nodes-distance-k-in-binary-tree/,
,FALSE,LCA of binary tree,https://leetcode.com/problems/lowest-common-ancestor-of-a-binary-tree/,
,FALSE,LCA in O(1) Space,https://leetcode.com/problems/lowest-common-ancestor-of-a-binary-tree/,
,FALSE,Minimum time required to burn tree if one node is on fire,https://www.geeksforgeeks.org/problems/burning-tree/1,
,FALSE,Minimum time required to burn tree with water nodes,Followup of https://www.geeksforgeeks.org/problems/burning-tree/1,
,FALSE,Get nodes at K distance on O(1 + rec) space,https://leetcode.com/problems/all-nodes-distance-k-in-binary-tree/,
,FALSE,Delete leaf nodes with a given value,https://leetcode.com/problems/delete-leaves-with-a-given-value/description/,
,FALSE,Construct tree from preoder and inorder ,https://leetcode.com/problems/construct-binary-tree-from-preorder-and-inorder-traversal/description/,
,FALSE,Construct tree from postorder and inorder,https://leetcode.com/problems/construct-binary-tree-from-inorder-and-postorder-traversal/description/,
,FALSE,Construct tree from preorder and postorder,https://leetcode.com/problems/construct-binary-tree-from-preorder-and-postorder-traversal/,
,,,,
,FALSE,Maximum width of binary Tree,https://leetcode.com/problems/maximum-width-of-binary-tree/description/,
,FALSE,Left View of binary Tree,https://www.geeksforgeeks.org/problems/left-view-of-binary-tree/1,
,FALSE,Right view of binary Tree,https://leetcode.com/problems/binary-tree-right-side-view/description/,
,FALSE,Vertical order of Binary Tree without preference,https://www.geeksforgeeks.org/problems/print-a-binary-tree-in-vertical-order/1,
,FALSE,Vertical order of BT with Preference,https://leetcode.com/problems/vertical-order-traversal-of-a-binary-tree/description/,
,FALSE,Vertical Sum of Binary Tree,http://geeksforgeeks.org/problems/vertical-sum/1,
,FALSE,Bottom View of Binary Tree,https://www.geeksforgeeks.org/problems/bottom-view-of-binary-tree/1,
,FALSE,Sum of Bottom View of Binary Tree,https://www.geeksforgeeks.org/sum-of-nodes-in-bottom-view-of-binary-tree/,
,FALSE,Top View of Binary Tree,https://www.geeksforgeeks.org/problems/top-view-of-binary-tree/1,
,FALSE,Sum of nodes of top view of binary Tree,https://www.geeksforgeeks.org/dsa/sum-of-nodes-in-top-view-of-binary-tree/,
,FALSE,Diagnoal View of binary Tree,https://www.geeksforgeeks.org/problems/diagonal-traversal-of-binary-tree/1,
,,,,
,FALSE,Diameter of Binary Tree (All 3 Methods),https://leetcode.com/problems/diameter-of-binary-tree/description/,
,FALSE,Max path sum from leaf to leaf,https://www.geeksforgeeks.org/problems/maximum-path-sum/1,
,FALSE,Max path sum from any node to any node,https://leetcode.com/problems/binary-tree-maximum-path-sum/description/,
,,,,
,FALSE,Morris Traversal Implementation,,
,FALSE,Morris Inorder Traversal ,https://leetcode.com/problems/binary-tree-inorder-traversal/description/,
,FALSE,Morris Preorder Traversal,https://leetcode.com/problems/binary-tree-preorder-traversal/description/,
,FALSE,Morris Postorder Traversal,https://leetcode.com/problems/binary-tree-postorder-traversal/description/,
,,,,
,FALSE,HasPath sum ,https://leetcode.com/problems/path-sum/,
,FALSE,get all paths with target sum,https://leetcode.com/problems/path-sum-ii/,
,,,,
,FALSE,Binary tree to doubly LL ,"https://www.geeksforgeeks.org/problems/binary-tree-to-dll/1, https://leetcode.com/problems/convert-binary-search-tree-to-sorted-doubly-linked-list/description/",
,FALSE,Flatten Binary Tree to LinkedList - copy of flatten generic tree,https://leetcode.com/problems/flatten-binary-tree-to-linked-list/description/,
,FALSE,Flatten Binary Tree to LinkedList - move in reverse preoder recursively,https://leetcode.com/problems/flatten-binary-tree-to-linked-list/description/,
,FALSE,Populate next right pointer of each node in a perfect binary tree ,https://leetcode.com/problems/populating-next-right-pointers-in-each-node/description/,
,FALSE,Populate next right pointer of each node in non-perfect binary tree,https://leetcode.com/problems/populating-next-right-pointers-in-each-node-ii/description/,
,,,,
,FALSE,Serialize and deserialize binary Tree,https://leetcode.com/problems/serialize-and-deserialize-binary-tree/description/,
,,,,
,FALSE,Distribute coins in binary tree,https://leetcode.com/problems/distribute-coins-in-binary-tree/description/,
,FALSE,Binary tree cameras,https://leetcode.com/problems/binary-tree-cameras/,
,FALSE,Binary tree coloring game (Greedy),https://leetcode.com/problems/binary-tree-coloring-game/description/,
,FALSE,Binary Tree Pruning,https://leetcode.com/problems/binary-tree-pruning/description/,
,FALSE, Height of Binary Tree After Subtree Removal Queries,https://leetcode.com/problems/height-of-binary-tree-after-subtree-removal-queries/description,
,,,,
,,Binary Search Trees,,
,FALSE,Construct BST,,
,FALSE,Display a binary Tree,,
,FALSE,"Size, sum ",,
,FALSE,Max Of BST,,
,FALSE,Min of BST,,
,FALSE,Search BST,https://leetcode.com/problems/search-in-a-binary-search-tree/description/,
,FALSE,LCA of BST,https://leetcode.com/problems/lowest-common-ancestor-of-a-binary-search-tree/description/,
,FALSE,Insert node in BST,https://leetcode.com/problems/insert-into-a-binary-search-tree/description/,
,FALSE,Delete Node in BST,https://leetcode.com/problems/delete-node-in-a-bst/,
,FALSE,"Trim BST on the basis of lower limit, upper limit",https://leetcode.com/problems/trim-a-binary-search-tree/description/,
,FALSE,Convert bst to greater Tree,https://leetcode.com/problems/convert-bst-to-greater-tree/description/,
,FALSE,Find 2 sum pair in BST,https://leetcode.com/problems/two-sum-iv-input-is-a-bst/description/,
,FALSE,Find 2 sum pair in BST iteratively,https://leetcode.com/problems/two-sum-iv-input-is-a-bst/description/,
,FALSE,Construct BST from preorder ,https://leetcode.com/problems/construct-binary-search-tree-from-preorder-traversal/description/,
,FALSE,Construct BST from postorder,https://www.geeksforgeeks.org/problems/construct-bst-from-post-order/1,
,FALSE,Validate BST using BST Pair,https://leetcode.com/problems/validate-binary-search-tree/description/,
,FALSE,Maximum Sum BST in Binary Tree,https://leetcode.com/problems/maximum-sum-bst-in-binary-tree/description/,
,FALSE,Validate BST Using inorder traversal,https://leetcode.com/problems/validate-binary-search-tree/description/,
,FALSE,Validate BST Using inorder traversal but O(1) Space,https://leetcode.com/problems/validate-binary-search-tree/description/,
,FALSE,Recover BST,https://leetcode.com/problems/recover-binary-search-tree/description/,
,FALSE,BST Iterator,https://leetcode.com/problems/binary-search-tree-iterator/,
,FALSE,Kth Smallest element in BST,https://leetcode.com/problems/kth-smallest-element-in-a-bst/,
,FALSE,Predecessor and Successor of BST key using recursion ,https://www.geeksforgeeks.org/problems/predecessor-and-successor/1,
,FALSE,Predecessor and Successor of BST key using iteration ,https://www.geeksforgeeks.org/problems/predecessor-and-successor/1,
,,,,
,,AVL Trees / Red-Black Trees,,
,FALSE,Check if tree is balanced,https://leetcode.com/problems/balanced-binary-tree/description/,
,FALSE,AVL Tree implemenatation,,
,FALSE,Balance a BST,https://leetcode.com/problems/balance-a-binary-search-tree/,
,FALSE,Insert into AVL,https://www.geeksforgeeks.org/problems/avl-tree-insertion/1,
,,,,
,,Graph,Link ,
,FALSE,"What, why Graph. ",,
,FALSE,"Construction of graph - Adjacency matrix, list",,
,FALSE,Check if there is a path between given source and destination,,
,FALSE,Print all paths between given source and destination,,
,FALSE,Find path with minimum weight between source and destination,,
,FALSE,Find path with maximum weight between source and destination,,
,FALSE,Find kth largest path weight between source and destination,,
,FALSE,Get all the connected components,https://www.geeksforgeeks.org/problems/connected-components-in-an-undirected-graph/1,
,FALSE,Check if the whole graph is connected,,
,FALSE,Print all hamiltonian Paths and Cycle,,
,FALSE,Check if there is a hamiltonian path ,https://www.geeksforgeeks.org/problems/hamiltonian-path2522/1,
,,,,
,,DFS Problems,,
,FALSE,Number of islands,https://leetcode.com/problems/number-of-islands/description/,
,FALSE,Max Area of island,https://leetcode.com/problems/max-area-of-island/,
,FALSE,Surrounded regions,https://leetcode.com/problems/surrounded-regions/description/,
,FALSE,Perimeter of island,https://leetcode.com/problems/island-perimeter/description/,
,FALSE,Number of provinces,https://leetcode.com/problems/number-of-provinces/,
,FALSE,Count sub islands,https://leetcode.com/problems/count-sub-islands/description/,
,FALSE,Number of distinct islands,https://www.geeksforgeeks.org/problems/number-of-distinct-islands/1,
,,,,
,FALSE,Implementation of Topological Sort For DAG,,
,FALSE,Implementation of Topological Sort For Generic Directed Graph,,
,FALSE,Is course scheduling possible,https://leetcode.com/problems/course-schedule/description/,
,FALSE,Find course Schedule,https://leetcode.com/problems/course-schedule-ii/description/,
,FALSE,Find eventual safe states,https://leetcode.com/problems/find-eventual-safe-states/description/,
,,,,
,FALSE,Implement Kosaraju Algorithm,https://www.geeksforgeeks.org/problems/strongly-connected-components-kosarajus-algo/1,
,,,,
,FALSE,Detonate the maximum bombs,https://leetcode.com/problems/detonate-the-maximum-bombs/description/,
,FALSE,M coloring problem,https://www.geeksforgeeks.org/problems/m-coloring-problem-1587115620/1,
,,,,
,,Breadth First Search (BFS),,
,FALSE,BFS Implementation,,
,FALSE,BFS Implementation with cycle detection,,
,FALSE,As Far from land as possible,https://leetcode.com/problems/as-far-from-land-as-possible/description/,
,FALSE,Zero-One Matrix,01 Matrix - LeetCode,
,FALSE,Rotting oranges,https://leetcode.com/problems/rotting-oranges/,
,FALSE,Shortest Path in binary Matrix,https://leetcode.com/problems/shortest-path-in-binary-matrix/description/,
,FALSE,Walls and Gates,https://www.lintcode.com/problem/663/,
,FALSE,Shortest bridge,https://leetcode.com/problems/shortest-bridge/description/,
,,,,
,FALSE,Kahn's Algorithm Implementation,,
,FALSE,Is course scheduling possible using BFS,https://leetcode.com/problems/course-schedule/description/,
,FALSE,Find course Schedule using BFS,https://leetcode.com/problems/course-schedule-ii/description/,
,FALSE,Longest Increasing Path,https://leetcode.com/problems/longest-increasing-path-in-a-matrix/,
,,,,
,FALSE,What is Bipartite Graph,,
,FALSE,Is Graph bipartite,https://leetcode.com/problems/is-graph-bipartite/,
,FALSE,Possible bipartition,https://leetcode.com/problems/possible-bipartition/,
,,,,
,FALSE,Word ladder without graph,https://leetcode.com/problems/word-ladder/,
,FALSE,Word ladder with graph,https://leetcode.com/problems/word-ladder/,
,FALSE,Word ladder 2,https://leetcode.com/problems/word-ladder-ii/description/,
,,,,
,FALSE,Bus Routes,https://leetcode.com/problems/bus-routes/description/,
,,,,
,,Union Find/Disjoint-set-union (DSU),,
,FALSE,"DSU implementation, path compression, union by rank",,
,FALSE,Redundant Connections,https://leetcode.com/problems/redundant-connection/,
,FALSE,Lexiographically smallest equivalent string,https://leetcode.com/problems/lexicographically-smallest-equivalent-string/,
,FALSE,Number of provinces using DSU,https://leetcode.com/problems/number-of-provinces/,
,FALSE,Max area of island using DSU,https://leetcode.com/problems/max-area-of-island/,
,FALSE,Number of islands 2,https://leetcode.ca/all/305.html,
,FALSE,Similar string groups with the help of array indices,https://leetcode.com/problems/similar-string-groups/description/,
,FALSE,Similar string groups without the help of array indices,https://leetcode.com/problems/similar-string-groups/description/,
,FALSE,Satisfiability of Equality Equations,https://leetcode.com/problems/satisfiability-of-equality-equations,
,FALSE,Count servers that communicate,https://leetcode.com/problems/count-servers-that-communicate/description/,
,FALSE,Regions cut by slashes,https://leetcode.com/problems/regions-cut-by-slashes/description/,
,FALSE,Number of operations to make network connected,https://leetcode.com/problems/number-of-operations-to-make-network-connected,
,FALSE,Smallest string with swaps,https://leetcode.com/problems/smallest-string-with-swaps/description/,
,FALSE,Accounts merge ,https://leetcode.com/problems/accounts-merge/,
,FALSE,Making a large island,https://leetcode.com/problems/making-a-large-island/description,
,FALSE,Minimize malware spread,https://leetcode.com/problems/minimize-malware-spread/description/,
,,,,
,,Minimum Spanning Tree,,
,FALSE,"What is spanning Tree, what is minimum spanning Tree",,
,FALSE,Create MST using DSU (Kruskal),,
,,,,
,,Graph Algorithms,,
,FALSE,Kruskal Algorithm Implementation,,
,FALSE,Min cost to connect all points ,https://leetcode.com/problems/min-cost-to-connect-all-points/description/,
,FALSE,Optimize Water distribution in a village,https://leetcode.ca/all/1168.html,
,FALSE,Connecting cities with minimum cost,https://leetcode.ca/all/1135.html,
,FALSE,Minimize maximum component cost,https://leetcode.com/problems/minimize-maximum-component-cost/description/,
,,,,
,FALSE,Build MST using Prims Algorithm,,
,FALSE,Find cost of MST,https://www.geeksforgeeks.org/problems/minimum-spanning-tree/1,
,,,,
,FALSE,Dijkstra Algorithm Implementation,,
,FALSE,Network delay time,https://leetcode.com/problems/network-delay-time/,
,FALSE,Path with minimum effort ,https://leetcode.com/problems/path-with-minimum-effort/,
,FALSE,Minimum cost to reach destination in time,https://leetcode.com/problems/minimum-cost-to-reach-destination-in-time/,
,FALSE,Number of ways to arrive at destination,https://leetcode.com/problems/number-of-ways-to-arrive-at-destination/description/,
,FALSE,Lexiographically shortest maze path to hole,https://leetcode.ca/all/499.html,
,FALSE,Swin in rising water,https://leetcode.com/problems/swim-in-rising-water/description/,
,FALSE,Network recovery Pathways,Network Recovery Pathways - LeetCode,Leetcode 3620 | Network Recovery Pathways Detailed Solution with Dry run
,,,,
,FALSE,Bellman ford Implementation,,
,FALSE,Cheapest flights within k stops,https://leetcode.com/problems/cheapest-flights-within-k-stops/,
,,,,
,FALSE,Floyd Warshall Algorithm,https://www.geeksforgeeks.org/dsa/floyd-warshall-algorithm-dp-16/,
,FALSE,Implement floyd warshall,https://www.geeksforgeeks.org/problems/implementing-floyd-warshall2042/1,
,,,,
,FALSE,Articulation point/Tarjan's Algorithm (optional),https://www.geeksforgeeks.org/dsa/articulation-points-or-cut-vertices-in-a-graph/,
,FALSE,Mother Vertex,https://www.geeksforgeeks.org/problems/mother-vertex/1,
,,,,
,,Mixed of DFS/BFS/DSU,,
,FALSE,Pacific Atlantic water flow,https://leetcode.com/problems/pacific-atlantic-water-flow/description/,
,FALSE,Clone graph,https://leetcode.com/problems/clone-graph/description/,
,FALSE,Last Day where you can still cross,https://leetcode.com/problems/last-day-where-you-can-still-cross/description,
,FALSE,Shortest path with alternating colors,https://leetcode.com/problems/shortest-path-with-alternating-colors/description,
,,,,
,,Dynamic Programming,,
,FALSE,What is dynamic Programming,Dynamic Programming || How to solve any DP problem || DP series Part 1,
,FALSE,How Memoization works ,https://www.youtube.com/watch?v=nUwUCDdYN74&list=PL9wulqBXJ6TX1SRyGw6HKuaWIHJx044o9&index=2,
,FALSE,Steps to solve any DP problem,https://www.youtube.com/watch?v=nUwUCDdYN74&list=PL9wulqBXJ6TX1SRyGw6HKuaWIHJx044o9&index=2,
,FALSE,Find nth Term of fibonacci series,Dynamic Programming || How to solve any DP problem || DP series Part 1,
,FALSE,Friends pairing using dp,https://www.geeksforgeeks.org/problems/friends-pairing-problem5425/1,
,FALSE,Climbing stairs,https://leetcode.com/problems/climbing-stairs/,
,FALSE,Unique maze path,https://leetcode.com/problems/unique-paths/description/,
,FALSE,Unique maze path with diagonal moves,,
,FALSE,Min maze path sum,https://leetcode.com/problems/minimum-path-sum/description/,
,FALSE,GoldMine,Gold Mine Problem | Practice | GeeksforGeeks,
,FALSE,Unique paths 2,https://leetcode.com/problems/unique-paths-ii/,
,FALSE,Min cost climbing stairs,https://leetcode.com/problems/min-cost-climbing-stairs/description/,
,FALSE,Min cost climbing stairs in O(1) space,https://leetcode.com/problems/min-cost-climbing-stairs/description/,
,FALSE,Decode ways,https://leetcode.com/problems/decode-ways/description/,
,FALSE,Decode ways in O(1) space,https://leetcode.com/problems/decode-ways/description/,
,FALSE,Decode ways 2,https://leetcode.com/problems/decode-ways-ii/,
,FALSE,Decode ways 2 in O(1) space,https://leetcode.com/problems/decode-ways-ii/,
,FALSE,Jump game 2,https://leetcode.com/problems/jump-game-ii/description/,
,,,,
,,Target Sum subset,,
,FALSE,Coin Change Permutation using yes/no call,,
,FALSE,Coin Change Permutation using for loop,,
,FALSE,Coin change combination using 2D dp,https://leetcode.com/problems/coin-change-ii/description/,
,FALSE,Coin change combination using 1D dp,https://leetcode.com/problems/coin-change-ii/description/,
,FALSE,Combination sum 4,https://leetcode.com/problems/combination-sum-iv/,
,FALSE,Minimum coins required,https://leetcode.com/problems/coin-change/description/,
,FALSE,Find if any subset with given target exists,https://www.geeksforgeeks.org/problems/subset-sum-problem-1611555638/1,
,FALSE,Count of subsets with sum = target,https://www.geeksforgeeks.org/problems/perfect-sum-problem5633/1,
,FALSE,Is it possible to partition array into two subsets of equal sum,https://leetcode.com/problems/partition-equal-subset-sum/,
,FALSE,0-1 Knapsack,https://www.geeksforgeeks.org/problems/0-1-knapsack-problem0945/1,
,FALSE,Weight of items with max values in knapsack,https://www.geeksforgeeks.org/problems/0-1-knapsack-problem0945/1,
,FALSE,Unbounded knapsack,https://www.geeksforgeeks.org/problems/knapsack-with-duplicate-items4201/1,
,FALSE,Weight of items with max values in Unbounded knapsack,https://www.geeksforgeeks.org/problems/knapsack-with-duplicate-items4201/1,
,FALSE,Target Sum with positive negative values,https://leetcode.com/problems/target-sum/description/,
,,,,
,,DP on Strings,,
,FALSE,Longest pallindromic substring,https://leetcode.com/problems/longest-palindromic-substring/,
,FALSE,Number of pallindromic substring,https://leetcode.com/problems/palindromic-substrings/description/,
,FALSE,Longest pallindromic subsequence using Recursion,https://leetcode.com/problems/longest-palindromic-subsequence/description/,
,FALSE,Longest pallindromic subsequence using memo,https://leetcode.com/problems/longest-palindromic-subsequence/description/,
,FALSE,Longest pallindromic subsequence using tabulation,Longest Palindromic Subsequence - LeetCode,
,FALSE,Generate longest pallindromic subsequence using tabulation,https://leetcode.com/problems/longest-palindromic-subsequence/description/,
,FALSE,Distinct subsequences,https://leetcode.com/problems/distinct-subsequences/,
,FALSE,Longest common subsequence length,https://leetcode.com/problems/longest-common-subsequence/description/,
,FALSE,Longest common subsequence string using tabulation,Longest Common Subsequence - LeetCode,
,FALSE,Delete operation for 2 strings,https://leetcode.com/problems/delete-operation-for-two-strings/,
,FALSE,Delete operation but with ASCII values,https://leetcode.com/problems/minimum-ascii-delete-sum-for-two-strings/description/,
,FALSE,Maximum uncrossed lines,https://leetcode.com/problems/uncrossed-lines/description/,
,FALSE,Edit distance,https://leetcode.com/problems/edit-distance/description/,
,FALSE,WildCard matching,https://leetcode.com/problems/wildcard-matching/,
,FALSE,Regular expression Matching,Regular Expression Matching - LeetCode,
,FALSE,Distinct subsequences 2,https://leetcode.com/problems/distinct-subsequences-ii/,
,FALSE,Count sub of type ai-bj-ck,https://www.geeksforgeeks.org/problems/count-subsequences-of-type-ai-bj-ck4425/1,
,,,,
,,,,
,,Longest Increasing Subsequence(LIS) set,,
,FALSE,Longest increasing subsequence recursion + memoization,https://leetcode.com/problems/longest-increasing-subsequence/description/,
,FALSE,Longest increasing subsequence tabulation,https://leetcode.com/problems/longest-increasing-subsequence/description/,
,FALSE,Longest Decreasing subsequence with dp[i] = LDS ending with nums[i],https://www.geeksforgeeks.org/dsa/longest-decreasing-subsequence/,
,FALSE,Longest Decreasing subsequence with dp[i] = LDS starting with nums[i],https://www.geeksforgeeks.org/dsa/longest-decreasing-subsequence/,
,FALSE,Longest Bitonic subsequence,https://www.geeksforgeeks.org/problems/longest-bitonic-subsequence0824/1,
,FALSE,Maximum sum increasing subsequence ,https://www.geeksforgeeks.org/problems/maximum-sum-increasing-subsequence4749/1,
,FALSE,Maximum sum bitonic subsequence ,https://www.geeksforgeeks.org/problems/maximum-sum-bitonic-subsequence1857/1,
,FALSE,Minimum deletion to make array sorted ,https://www.geeksforgeeks.org/problems/minimum-number-of-deletions-to-make-a-sorted-sequence3248/1,
,FALSE,Minimum number of removal to make bitonic array,https://leetcode.com/problems/minimum-number-of-removals-to-make-mountain-array/,
,FALSE,Number of LIS,http://leetcode.com/problems/number-of-longest-increasing-subsequence/description/,
,FALSE,Longest Arithmetic subsequence ,https://leetcode.com/problems/longest-arithmetic-subsequence/description,
,FALSE,Longest increasing subsequence in NLogN,https://leetcode.com/problems/longest-increasing-subsequence/description/,
,FALSE,Russian doll envelopes,https://leetcode.com/problems/russian-doll-envelopes/,
,FALSE,Maximum height buy stacking cuboids,https://leetcode.com/problems/maximum-height-by-stacking-cuboids/description/,
,,,,
,,Cut Type DP set,,
,FALSE,Matrix chain multiplication,https://www.geeksforgeeks.org/problems/matrix-chain-multiplication0303/1,
,FALSE,Brackets in MCM,https://www.geeksforgeeks.org/problems/brackets-in-matrix-chain-multiplication1024/1,
,FALSE,Burst Balloons,https://leetcode.com/problems/burst-balloons/description/,
,FALSE,Minimum score triangulation,https://leetcode.com/problems/minimum-score-triangulation-of-polygon/description/,
,FALSE,Minimum cost to cut a stick,https://leetcode.com/problems/minimum-cost-to-cut-a-stick/description/,
,FALSE,Pallindrome Partitioning ,https://leetcode.com/problems/palindrome-partitioning-ii/description/,
,FALSE,Pallindrome Partitioning in 3 parts(Optional if you have time),https://leetcode.com/problems/palindrome-partitioning-iv,
,FALSE,Partition Array for maximum sum,https://leetcode.com/problems/partition-array-for-maximum-sum/description/,
,FALSE,Optimal BST,https://www.geeksforgeeks.org/problems/optimal-binary-search-tree2214/1,
,,,,
,,Buy and Sell Stocks ,,
,FALSE,Buy and Sell Stocks in O(N) space,https://leetcode.com/problems/best-time-to-buy-and-sell-stock/description/,
,FALSE,Buy and Sell Stocks in O(1) space,https://leetcode.com/problems/best-time-to-buy-and-sell-stock/description/,
,FALSE,Buy and Sell Stocks 2 in O(N) space,https://leetcode.com/problems/best-time-to-buy-and-sell-stock-ii/description/,
,FALSE,Buy and Sell Stocks 2 in O(1) space,https://leetcode.com/problems/best-time-to-buy-and-sell-stock-ii/description/,
,FALSE,Buy and Sell Stocks with Transaction fees,https://leetcode.com/problems/best-time-to-buy-and-sell-stock-with-transaction-fee/description/,
,FALSE,Buy and Sell Stocks with Cooldown,https://leetcode.com/problems/best-time-to-buy-and-sell-stock-with-cooldown/description/,
,FALSE,Buy and Sell Stocks 3 in O(N*2) space,https://leetcode.com/problems/best-time-to-buy-and-sell-stock-iii/,
,FALSE,Buy and Sell Stocks 3 in O(1) space,https://leetcode.com/problems/best-time-to-buy-and-sell-stock-iii/,
,FALSE,Buy and Sell Stocks 4,https://leetcode.com/problems/best-time-to-buy-and-sell-stock-iv/description/,
,,,,
,,Miscellaneous Set ,,
,FALSE,House robber,https://leetcode.com/problems/house-robber,
,FALSE,House robber 2,https://leetcode.com/problems/house-robber-ii/description/,
,FALSE,Count square submatrices,https://leetcode.com/problems/count-square-submatrices-with-all-ones/description/,
,FALSE,Maximum area of square submatrice with all ones,https://leetcode.com/problems/maximal-square/description/,
,FALSE,Count submatrices with all Ones,https://leetcode.com/problems/count-submatrices-with-all-ones,
,FALSE,Cherry Pickup 2,https://leetcode.com/problems/cherry-pickup-ii/description,
,FALSE,Cherry Pickup 2 in n*m*m space ,https://leetcode.com/problems/cherry-pickup-ii/description,
,FALSE,Cherry Pickup 2 in 2*m*m space ,https://leetcode.com/problems/cherry-pickup-ii/description,
,FALSE,Cherry Pickup,https://leetcode.com/problems/cherry-pickup,
,FALSE,Stone game,https://leetcode.com/problems/stone-game/description/,
,FALSE,Stone game 4,https://leetcode.com/problems/stone-game-iv/description,
,FALSE,Ones and Zeroes,https://leetcode.com/problems/ones-and-zeroes/description/,
,FALSE,Paint N houses,https://www.geeksforgeeks.org/problems/distinct-coloring--170645/1,
,,,,
,,Arrays & Strings,"Problems based on searching, sorting, sliding window etc",
,FALSE,Segregate positive and negative number without maintaining order,,
,FALSE,Segregate 0s and 1s,Segregate 0s and 1s | Practice | GeeksforGeeks,
,FALSE,"Segregate 0s , 1s and 2s (Sort colors)",Sort Colors - LeetCode,
,,,,
,,Sliding Window ,,
,FALSE,Longest substring without repeating characters,Longest Substring Without Repeating Characters - LeetCode,
,FALSE,Longest substring with atmost 2 distinct characters,Longest Substring with At Most Two Distinct Characters - LeetCode,
,FALSE,Longest Substring with exact K distinct ,Longest Substring with K Uniques | Practice | GeeksforGeeks,
,FALSE,Maximum number of vowels in a substring of K length,Maximum Number of Vowels in a Substring of Given Length - LeetCode,
,FALSE,"Sliding Window maximum (Already covered twice in Stack and then Queue, use PQ now)",Sliding Window Maximum - LeetCode,
,FALSE,Fruit into basket,Fruit Into Baskets - LeetCode,
,,,,
,FALSE,Largest subarray with zero sum,Largest subarray with 0 sum | Practice | GeeksforGeeks,
,FALSE,Count of subarray with zero sum,Zero Sum Subarrays | Practice | GeeksforGeeks,
,FALSE,Longest subarray with sum K,Longest Subarray with Sum K | Practice | GeeksforGeeks,
,FALSE,Count of subarray with sum K,Subarray Sum Equals K - LeetCode,
,FALSE,Count of subarrays with Sum divisible by K,Subarray Sums Divisible by K - LeetCode,
,FALSE,Count of subarrays with XOR K,Count Subarrays with given XOR | Practice | GeeksforGeeks,
,FALSE,Longest subarray with equal number of 0s and 1s,Contiguous Array - LeetCode,
,FALSE,Count of subarray with equal number of 0s and 1s,Subarrays with equal 1s and 0s | Practice | GeeksforGeeks,
,FALSE,Longest consecutive subsequence,Longest Consecutive Sequence - LeetCode,
,,,,
,,Searching and Sorting ,,
,FALSE,Binary Search,Binary Search - LeetCode,
,FALSE,Find Insertion position,Search Insert Position - LeetCode,
,FALSE,First and last Index of elements in sorted array,Find First and Last Position of Element in Sorted Array - LeetCode,
,FALSE,Find K closest elements to target,Find K Closest Elements - LeetCode,
,FALSE,Kth Missing positive number,Kth Missing Positive Number - LeetCode,
,FALSE,Find minimum in rotated sorted array ,Find Minimum in Rotated Sorted Array - LeetCode,
,FALSE,Find minimum in rotated sorted array with duplicate elements,Find Minimum in Rotated Sorted Array II - LeetCode,
,FALSE,Search in rotated sorted array,Search in Rotated Sorted Array - LeetCode,
,FALSE,Search in rotated sorted array with duplicate elements,Search in Rotated Sorted Array II - LeetCode,
,FALSE,Median of two Sorted Arrays,Median of Two Sorted Arrays - LeetCode,
,,,,
,FALSE,Aggressive cows,Aggressive Cows | Practice | GeeksforGeeks,
,FALSE,Koko Eating Bananas,Koko Eating Bananas - LeetCode,
,FALSE,Maximum candies allocated to K children,Maximum Candies Allocated to K Children - LeetCode,
,FALSE,Minimum number of days to make m bouquets,Minimum Number of Days to Make m Bouquets - LeetCode,
,FALSE,Capacity to ship packages with D days,Capacity to ship packages with D days,
,FALSE,Minimum time to repair cars,Minimum Time to Repair Cars - LeetCode,
,FALSE,Allocate minimum number of pages,Allocate Minimum Pages | Practice | GeeksforGeeks,
,FALSE,Split array largest sum,https://leetcode.com/problems/split-array-largest-sum/description/,
,,,,
,,Sorting ,,
,FALSE,Bubble sort Algorithm,Bubble Sort Algorithm - GeeksforGeeks,
,FALSE,Insertion sort Algorithm,Insertion Sort Algorithm - GeeksforGeeks,
,FALSE,Merge two sorted arrays,,
,FALSE,Merge sort,Merge Sort | Practice | GeeksforGeeks,
,FALSE,Inversion count,Count Inversions | Practice | GeeksforGeeks,
,FALSE,Partition array according to pivot,,
,FALSE,Quick Sort,Quick Sort | Practice | GeeksforGeeks,
,,,,
,,Miscellaneous Problems ,,
,FALSE,Two Sum ,Two Sum - LeetCode,
,FALSE,Two Sum 2 in O(1) Space,Two Sum II - Input Array Is Sorted - LeetCode,
,FALSE,All pairs for Two Sum,All distinct pairs with given sum | Practice | GeeksforGeeks,
,FALSE,3 Sum ,3Sum - LeetCode,
,FALSE,Four sum,4Sum - LeetCode,
,FALSE,"Ksum  (k= 5 sum, 6 sum ...)",4Sum - LeetCode,
,FALSE,Count pairs with given sum,Count pairs with given sum | Practice | GeeksforGeeks,
,FALSE,Count quadruplets with given sum,4Sum II - LeetCode,
,,,,
,FALSE,Majority Element in O(N) time and O(N) space,Majority Element - LeetCode,
,FALSE,Majority Element in O(N) time and O(1) space,Majority Element - LeetCode,
,FALSE,Majority Element 2,Majority Element II - LeetCode,
,,,,
,FALSE,Next permutation,Next Permutation - LeetCode,
,FALSE,Merge intervals without using Stack,Merge Intervals - LeetCode,
,FALSE,Maximum length of pair chain,Maximum Length of Pair Chain - LeetCode,
,FALSE,Maximum profit in job scheduling,Maximum Profit in Job Scheduling - LeetCode,
,FALSE,Missing and Repeating Number in O(1) Space and O(N) time,Missing And Repeating | Practice | GeeksforGeeks,
,FALSE,Maximum product subarray ,Maximum Product Subarray - LeetCode,
,FALSE,Reverse words in a string,Reverse Words in a String - LeetCode,
,FALSE,Gas station ,Gas Station - LeetCode,